{
  "components/carousel": "<div class=\"container heroCarousel-wrapper{{#if theme_settings.halo_homepage_layout_2}} container--full{{/if}}\">\n    <div class=\"heroCarousel\"\n        data-slick='{\n        \"fade\": true,\n        \"dots\": true,\n        \"arrows\": {{arrows}},\n        \"mobileFirst\": true,\n        \"slidesToShow\": 1,\n        \"slidesToScroll\": 1,\n        \"autoplay\": true,\n        \"autoplaySpeed\": {{carousel.swap_frequency}},\n        \"slide\": \"[data-hero-slide]\"\n    }'>\n        {{#each carousel.slides}}\n            <div class=\"heroCarousel-slide {{#if theme_settings.homepage_stretch_carousel_images}}stretch{{/if}} {{#if @first}}heroCarousel-slide--first{{/if}}\" data-hero-slide=\"{{@index}}\">\n                {{#if @index '==' 0}}\n                    {{#if (merge this subheading=../theme_settings.homepage_show_carousel_0_subheading)}}{{/if}}\n                    {{#if (merge this position=../theme_settings.homepage_show_carousel_0_position-content)}}{{/if}}\n                    {{#if (merge this imageMobile=../theme_settings.homepage_show_carousel_0_mobile-image)}}{{/if}}\n                    {{#if (merge this customTextBtn=../theme_settings.homepage_show_carousel_0_customtextbtn)}}{{/if}}\n                    {{#if (merge this customBtn=../theme_settings.homepage_show_carousel_0_custombtn)}}{{/if}}\n                    {{#if (merge this hasBackground=../theme_settings.carousel-bgColor)}}{{/if}}\n                {{/if}}\n                {{#if @index '==' 1}}\n                    {{#if (merge this subheading=../theme_settings.homepage_show_carousel_1_subheading)}}{{/if}}\n                    {{#if (merge this position=../theme_settings.homepage_show_carousel_1_position-content)}}{{/if}}\n                    {{#if (merge this imageMobile=../theme_settings.homepage_show_carousel_1_mobile-image)}}{{/if}}\n                    {{#if (merge this customTextBtn=../theme_settings.homepage_show_carousel_1_customtextbtn)}}{{/if}}\n                    {{#if (merge this customBtn=../theme_settings.homepage_show_carousel_1_custombtn)}}{{/if}}\n                    {{#if (merge this hasBackground=../theme_settings.carousel-bgColor)}}{{/if}}\n                {{/if}}\n                {{#if @index '==' 2}}\n                    {{#if (merge this subheading=../theme_settings.homepage_show_carousel_2_subheading)}}{{/if}}\n                    {{#if (merge this position=../theme_settings.homepage_show_carousel_2_position-content)}}{{/if}}\n                    {{#if (merge this imageMobile=../theme_settings.homepage_show_carousel_2_mobile-image)}}{{/if}}\n                    {{#if (merge this customTextBtn=../theme_settings.homepage_show_carousel_2_customtextbtn)}}{{/if}}\n                    {{#if (merge this customBtn=../theme_settings.homepage_show_carousel_2_custombtn)}}{{/if}}\n                    {{#if (merge this hasBackground=../theme_settings.carousel-bgColor)}}{{/if}}\n                {{/if}}\n                {{#if @index '==' 3}}\n                    {{#if (merge this subheading=../theme_settings.homepage_show_carousel_3_subheading)}}{{/if}}\n                    {{#if (merge this position=../theme_settings.homepage_show_carousel_3_position-content)}}{{/if}}\n                    {{#if (merge this imageMobile=../theme_settings.homepage_show_carousel_3_mobile-image)}}{{/if}}\n                    {{#if (merge this customTextBtn=../theme_settings.homepage_show_carousel_3_customtextbtn)}}{{/if}}\n                    {{#if (merge this customBtn=../theme_settings.homepage_show_carousel_3_custombtn)}}{{/if}}\n                    {{#if (merge this hasBackground=../theme_settings.carousel-bgColor)}}{{/if}}\n                {{/if}}\n                {{#if @index '==' 4}}\n                    {{#if (merge this subheading=../theme_settings.homepage_show_carousel_4_subheading)}}{{/if}}\n                    {{#if (merge this position=../theme_settings.homepage_show_carousel_4_position-content)}}{{/if}}\n                    {{#if (merge this imageMobile=../theme_settings.homepage_show_carousel_4_mobile-image)}}{{/if}}\n                    {{#if (merge this customTextBtn=../theme_settings.homepage_show_carousel_4_customtextbtn)}}{{/if}}\n                    {{#if (merge this customBtn=../theme_settings.homepage_show_carousel_4_custombtn)}}{{/if}}\n                    {{#if (merge this hasBackground=../theme_settings.carousel-bgColor)}}{{/if}}\n                {{/if}}\n                <div class=\"heroCarousel-image-wrapper\">\n                    <a class=\"heroCarousel-image\" href=\"{{url}}\" aria-label=\"{{#if this.alt_text.length '!=' 0}}{{this.alt_text}}{{else}}{{lang 'common.carousel_slide_number' slide_number=(add @index 1)}}{{/if}}\">\n                        {{#if @first}}\n                            {{> components/common/responsive-img\n                                image=stencil_image\n                                class=\"heroCarousel-image\"\n                                fallback_size='1280w'\n                                lazyload='disabled'\n                            }}\n                        {{else}}\n                            {{> components/common/responsive-img\n                                image=stencil_image\n                                class=\"heroCarousel-image\"\n                                fallback_size='1280w'\n                                lazyload='lazyload'\n                            }}\n                        {{/if}}\n                        {{#if imageMobile}}\n                            <img class=\"lazyload image-mobile\" src=\"{{#if ../theme_settings.halo_homepage_layout_1}}{{cdn 'img/loading.svg'}}{{else}}{{cdn 'img/loading_2.svg'}}{{/if}}\" data-src=\"https://cdn11.bigcommerce.com/s-{{../settings.store_hash}}/product_images/uploaded_images/{{imageMobile}}\" alt=\"{{stencil_image.alt}}\" title=\"{{stencil_image.alt}}\">\n                        {{else}}\n                            <img class=\"lazyload image-mobile\" src=\"{{#if ../theme_settings.halo_homepage_layout_1}}{{cdn 'img/loading.svg'}}{{else}}{{cdn 'img/loading_2.svg'}}{{/if}}\" data-src=\"{{getImageSrcset stencil_image 1x=(default fallback_size '960w')}}\" alt=\"{{stencil_image.alt}}\" title=\"{{stencil_image.alt}}\">\n                        {{/if}}\n                    </a>\n                </div>\n                <div class=\"heroCarousel-content-wrapper {{position}}\">\n                    {{#if heading}}\n                        {{> components/carousel-content show_background=true}}\n                    {{else}}\n                        {{#if text}}\n                            {{> components/carousel-content show_background=true}}\n                        {{else}}\n                            {{#if button_text}}\n                                {{> components/carousel-content show_background=false}}\n                            {{/if}}\n                        {{/if}}\n                    {{/if}}\n                </div>\n            </div>\n        {{/each}}\n    </div>\n</div>\n\n",
  "components/common/responsive-img": "{{!--\nThis file implements the lazysizes srcset pattern (as seen on\nhttps://github.com/aFarkas/lazysizes#modern-transparent-srcset-pattern) for maximum performance on modern browsers\nand reasonable compatibility with legacy browsers.\n\nThere are a few important arguments to know about when using this component:\n`lazyload`:\n    - If set to 'lazyload+lqip', will load a low-res image which will be replaced by lazysizes - ensuring that SOME\n    content is shown immediately on page load. Without LQIP, a transparent gif will be used instead, which reduces\n    the number of requests needed to load the page, making it even faster.\n    - If set to 'lazyload', the browser will not load the full-size image at first, instead the lazysizes plugin will\n        load it progressively after page load. This improves the load speed of the page, but it should be disabled for\n        high-priority above-the-fold images.\n    - If set to 'disabled', will not attempt to lazyload the image and instead tell the browser to load it immediately.\n        Use this for high-priority images that are above the fold.\n\n`fallback_size`:\n    This is the size to use for this image in legacy browsers that do not support srcset.\n    Can be defined as a pixel bounding-box size (e.g. \"123x123) or inherent width (e.g. \"123w\").\n\n`class`:\n    The CSS classes to add to the image, e.g. \"card-image\". If lazyloading is enabled, all images will have the\n    \"lazyload\" class so that lazysizes will target them automatically.\n\n`otherAttributes`:\n    Any other HTML attributes you want on the img tag, for example \"height='100' width='100'\"\n\n`default_image`:\n    The default image to use if `image` is undefined or falsy. Should be a theme asset, usually defined as a relative\n    path in the theme config. If a default image is not provided, you'll get an image tag with no image if the primary\n    image is undefined.\n\n`lqip_size`:\n    If you want to specify a particular size for the LQIP image, you can do so with this argument. A default of 80\n    pixels wide will be used otherwise. This argument has no effect if the lazyload mode is not \"lazyload+lqip\".\n\n--}}\n<img {{#if image}}{{!-- Get the default image for legacy browsers that do not support srcset\n--}}src=\"{{getImageSrcset image 1x=(default fallback_size '160w')}}\" alt=\"{{image.alt}}\" title=\"{{image.alt}}\" {{!--\n  Allow lazysizes to generate the 'sizes' attribute automatically --}}data-sizes=\"auto\"\n  {{#unless lazyload '==' 'disabled'}}\n    {{#if lazyload '==' 'lazyload+lqip'}}\n    {{!-- If we want a LQIP, include it as the default srcset (will be overwritten by lazysizes) --}}\n    srcset=\"{{getImageSrcset image 1x=(default lqip_size '80w')}}\"\n    {{else}}\n      {{!-- If we don't want a LQIP, use a 1px transparent gif for the stand-in image\n            This requires no additional network request, so it's fast --}}\n    srcset=\"data:image/gif;base64,R0lGODlhAQABAIAAAP///wAAACH5BAEAAAAALAAAAAABAAEAAAICRAEAOw==\"\n    {{/if}}\n{{/unless}}\n{{!-- If lazyloading is disabled, just use \"srcset\". If it is not disabled, use \"data-srcset\" so lazysizes will use\n      this after page load --}}\n{{!--\nGenerate the srcset string using the default sizes defined in the helper. This will allow the browser to\npick the best-sized image based on its own understanding of how it will render the page.\n--}}\n{{#unless lazyload '==' 'disabled'}}data-{{/unless}}srcset=\"{{getImageSrcset image use_default_sizes=true }}\"\n{{else if default_image}}src=\"{{cdn default_image}}\" alt=\"{{lang 'products.card_default_image_alt'}}\"{{/if}}\nclass=\"{{#unless lazyload '==' 'disabled'}}lazyload{{/unless}}{{#if class}} {{class}}{{/if}}\"\n{{#if lazyload '==' 'lazyload'}}loading=\"lazy\"{{/if}}\n{{otherAttributes}} />\n",
  "components/carousel-content": "<div class=\"heroCarousel-content{{#unless show_background}} heroCarousel-content--empty{{/unless}} {{#unless hasBackground '==' 'transparent'}} heroCarousel-content--notEmpty{{/unless}} heroCarousel-content--{{position}}\">\n    {{#if subheading}}\n        <span class=\"heroCarousel-subtitle animated\">{{subheading}}</span>\n    {{/if}}\n    {{#if heading}}\n        <h2 class=\"heroCarousel-title animated\">{{{heading}}}</h2>\n    {{/if}}\n    {{#if text}}\n        <p class=\"heroCarousel-description animated\">{{{text}}}</p>\n    {{/if}}\n    {{#or (if button_text) (if customTextBtn)}}\n        <div class=\"heroCarousel-action animated\">\n            {{#if button_text}}\n                <a href=\"{{url}}\" aria-label=\"{{#if this.alt_text.length '!=' 0}}{{this.alt_text}}{{else}}{{lang 'carousel.slide_number' slide_number=(add @index 1)}}{{/if}}, {{button_text}}\" class=\"button button--primary{{#if customTextBtn}} button--custom{{/if}}\">{{button_text}}</a>\n            {{/if}}\n            {{#if customTextBtn}}\n                <a href=\"{{customBtn}}\" aria-label=\"{{#if this.alt_text.length '!=' 0}}{{this.alt_text}}{{else}}{{lang 'carousel.slide_number' slide_number=(add @index 1)}}{{/if}}, {{button_text}}\" class=\"button button--primary button--custom\">{{customTextBtn}}</a>\n            {{/if}}\n        </div>\n    {{/or}}\n</div>\n\n"
}