{
  "components/halothemes/map/halo-multi-map": "<script type=\"text/javascript\" src=\"//ajax.googleapis.com/ajax/libs/jquery/1.7.2/jquery.min.js\"></script>\n<script type=\"text/javascript\" src=\"{{cdn '/assets/js/theme/halothemes/haloMultiMap.js'}}\"></script>\n<script type=\"text/javascript\">\n    var ENVmap = new ENV_map();\n    var option = {\n        \"token\": \"Envora_free\",\n        \"get_list\": \".InfoFindInner\",\n        \"get_map\": \".HL-ColRight .mapContact\",\n        \"get_search\": \".search_map\",\n        \"data\": [\n            {\n              \"lat\": 32.922179,\n              \"lng\": -111.692871,\n              \"name\": \"\",\n              \"text\": \"<h4 class='halo-location-heading'><span>HERA Skyline</span></h4>\\\n                        <p class='halo-location-info location'>2905 East Skyline Drive Tucson, AZ 85718 United States</p>\\\n                        <p class='halo-location-info number'>Phone: (091) 123-HERA</p>\"\n            }, \n            {\n                \"lat\": 33.382287, \n                \"lng\": -111.964907,\n                \"name\": \"\",\n                \"text\": \"<h4 class='halo-location-heading'><span>HERA Arizona</span></h4>\\\n                        <p class='halo-location-info location'>5000 Arizona Mills Circle Tempe, AZ 85282 United States</p>\\\n                        <p class='halo-location-info number'>Phone: (091) 456-HERA</p>\"\n            }, \n            {\n                \"lat\": 33.503168,\n                \"lng\": -111.929448,\n                \"name\": \"\",\n                \"text\": \"<h4 class='halo-location-heading'><span>HERA Cameback</span></h4>\\\n                        <p class='halo-location-info location'>7014 East CameLback Road Scottsdale, AZ 85251 United States</p>\\\n                        <p class='halo-location-info number'>Phone: (091) 789-HERA</p>\"\n            }, \n            {\n                \"lat\": 33.387773,\n                \"lng\": -111.510688,\n                \"name\": \"\",\n                \"text\": \"<h4 class='halo-location-heading'><span>HERA Broadway</span></h4>\\\n                        <p class='halo-location-info location'>5870 East Broadway Boulevard Tucson, AZ 85711 United States</p>\\\n                        <p class='halo-location-info number'>Phone: (091) 321-HERA</p>\"\n            }, \n            {\n                \"lat\": 33.447723,\n                \"lng\": -112.684586,\n                \"name\": \"\",\n                \"text\": \"<h4 class='halo-location-heading'><span>HERA Skyline North</span></h4>\\\n                        <p class='halo-location-info location'>7986 East Skyline Drive Tucson, AZ 85718 United States</p>\\\n                        <p class='halo-location-info number'>Phone: (091) 312-HERA</p>\"\n            }\n        ],\n        \"zoom\": 9,\n    };\n    ENVmap.config = function() {\n        this.vars.icon_defaults = {\n            'url': 'http://www.fisherinvestments.com/~/media/fisher-investments/images/social-icons/white-icons/fisher-marketminder-icon.png?h=24&w=24&la=en',\n        };\n    };\n    ENVmap.view(option);\n</script>\n"
}